[
  {
    "name": "Hitesh",
    "email": "hitesh@hiteshchoudhary.com",
    "courseCount": 4
  },
  {
    "name": "Mark",
    "email": "mark@example.com",
    "courseCount": 2
  },
  {
    "name": "Tom",
    "email": "tom@example.com",
    "courseCount": 5
  },
  {
    "name": "Jerry",
    "email": "jerry@example.com",
    "courseCount": 3
  },
  {
    "name": "spider",
    "email": "spider@example.com",
    "courseCount": 2
  },
  {
    "name": "super",
    "email": "super@example.com",
    "courseCount": 3
  },
  {
    "name": "Jade",
    "email": "jade@example.com",
    "courseCount": 2
  },
  {
    "name": "Theodore",
    "email": "theodore@example.com",
    "courseCount": 2
  },
  {
    "name": "Kirk",
    "email": "kirk@example.com",
    "courseCount": 9
  },
  {
    "name": "Fleming",
    "email": "fleming@example.com",
    "courseCount": 12
  },
  {
    "name": "Roberta",
    "email": "roberta@example.com",
    "courseCount": 5
  },
  {
    "name": "Lawrence",
    "email": "lawrence@example.com",
    "courseCount": 8
  },
  {
    "name": "Terry",
    "email": "trry@example.com",
    "courseCount": 13
  },
  {
    "name": "Rhodes",
    "email": "rhodes@example.com",
    "courseCount": 14
  },
  {
    "name": "Sullivan",
    "email": "sullivan@example.com",
    "courseCount": 17
  },
  {
    "name": "Robert",
    "email": "robert@example.com",
    "courseCount": 13
  },
  {
    "name": "Gordon",
    "email": "gordon@example.com",
    "courseCount": 18
  },
  {
    "name": "Henry",
    "email": "henry@example.com",
    "courseCount": 2
  },
  {
    "name": "May",
    "email": "may@example.com",
    "courseCount": 5
  },
  {
    "name": "Clark",
    "email": "clark@example.com",
    "courseCount": 19
  },
  {
    "name": "Katrina",
    "email": "katrina@example.com",
    "courseCount": 13
  },
  {
    "name": "Mayers",
    "email": "mayers@example.com",
    "courseCount": 11
  },
  {
    "name": "Tina",
    "email": "tina@example.com",
    "courseCount": 14
  },
  {
    "name": "Mason",
    "email": "mason@example.com",
    "courseCount": 4
  },
  {
    "name": "Alexis",
    "email": "alexis@example.com",
    "courseCount": 13
  },
  {
    "name": "Ford",
    "email": "ford@example.com",
    "courseCount": 9
  }
]
